{"cameraMode":{"drawMode":2,"name":"Shaded Wireframe","section":"Shading Mode"},"sceneLighting":true,"audioPlay":false,"sceneViewState":{"showFog":false,"showMaterialUpdate":false,"showSkybox":false,"showFlares":false,"showImageEffects":false,"showParticleSystems":false},"in2DMode":false,"pivot":{"x":40.0263786315918,"y":15.05224895477295,"z":96.6040267944336},"rotation":{"x":0.02492527663707733,"y":0.14404858648777009,"z":0.0036296311300247909,"w":-0.989253580570221},"size":61.03401184082031,"orthographic":false}